{"Mean":{"confidence_interval":{"confidence_level":0.95,"lower_bound":1.6810823059241795,"upper_bound":1.7732385572168323},"point_estimate":1.7246229229378476,"standard_error":0.02359801793364934},"Median":{"confidence_interval":{"confidence_level":0.95,"lower_bound":1.6742520362579492,"upper_bound":1.7229287536360918},"point_estimate":1.7068410757539825,"standard_error":0.010848137984467427}}