{"Mean":{"confidence_interval":{"confidence_level":0.95,"lower_bound":0.010002025057599487,"upper_bound":0.09333648042241383},"point_estimate":0.05128544197110485,"standard_error":0.021331055972258345},"Median":{"confidence_interval":{"confidence_level":0.95,"lower_bound":-0.016899109854127792,"upper_bound":0.06800371399510347},"point_estimate":0.010627839171523323,"standard_error":0.022550506663406248}}