{"Mean":{"confidence_interval":{"confidence_level":0.95,"lower_bound":-0.2765272947554681,"upper_bound":-0.25099855124918397},"point_estimate":-0.26360994441815666,"standard_error":0.006510600810190199},"Median":{"confidence_interval":{"confidence_level":0.95,"lower_bound":-0.28347094811341866,"upper_bound":-0.2575661012199246},"point_estimate":-0.2671803468284558,"standard_error":0.006379348886841007}}