{"Mean":{"confidence_interval":{"confidence_level":0.95,"lower_bound":52644009.32487203,"upper_bound":54565777.13560789},"point_estimate":53560813.585650444,"standard_error":489166.2330454515},"Median":{"confidence_interval":{"confidence_level":0.95,"lower_bound":52392905.41815476,"upper_bound":53282977.26804124},"point_estimate":52978287.156662665,"standard_error":206625.2796998891},"MedianAbsDev":{"confidence_interval":{"confidence_level":0.95,"lower_bound":2007093.9267243946,"upper_bound":3719675.3080038195},"point_estimate":2777004.5035098777,"standard_error":433654.640483804},"Slope":{"confidence_interval":{"confidence_level":0.95,"lower_bound":53821997.51041543,"upper_bound":55289691.093203716},"point_estimate":54480095.742946655,"standard_error":375299.4369549743},"StdDev":{"confidence_interval":{"confidence_level":0.95,"lower_bound":3566572.271695576,"upper_bound":6110249.569785241},"point_estimate":4916367.061695814,"standard_error":652287.2320000512}}