{"Mean":{"confidence_interval":{"confidence_level":0.95,"lower_bound":6152017.565727041,"upper_bound":6257199.67577298},"point_estimate":6202953.015069387,"standard_error":26889.762620660862},"Median":{"confidence_interval":{"confidence_level":0.95,"lower_bound":6045138.658333333,"upper_bound":6130690.6671734955},"point_estimate":6098234.897727273,"standard_error":26026.011999542712},"MedianAbsDev":{"confidence_interval":{"confidence_level":0.95,"lower_bound":90922.00201658132,"upper_bound":210276.37307985337},"point_estimate":162485.07326834844,"standard_error":35793.60883852994},"Slope":{"confidence_interval":{"confidence_level":0.95,"lower_bound":6221040.9090136625,"upper_bound":6371595.850211849},"point_estimate":6294890.576092803,"standard_error":38448.41583126163},"StdDev":{"confidence_interval":{"confidence_level":0.95,"lower_bound":220630.96213305555,"upper_bound":308525.56853040465},"point_estimate":269412.6929067609,"standard_error":22510.964184333487}}