{"Mean":{"confidence_interval":{"confidence_level":0.95,"lower_bound":30309848.441398863,"upper_bound":30775245.26300205},"point_estimate":30527242.224251084,"standard_error":118466.69861793135},"Median":{"confidence_interval":{"confidence_level":0.95,"lower_bound":30299086.25440451,"upper_bound":30590630.42857143},"point_estimate":30452996.09259259,"standard_error":78386.73284004086},"MedianAbsDev":{"confidence_interval":{"confidence_level":0.95,"lower_bound":512670.32394655596,"upper_bound":952278.0492981755},"point_estimate":715575.909689817,"standard_error":111092.0439133194},"Slope":{"confidence_interval":{"confidence_level":0.95,"lower_bound":30338410.430144154,"upper_bound":31162493.65908363},"point_estimate":30666759.618273977,"standard_error":217764.49558227113},"StdDev":{"confidence_interval":{"confidence_level":0.95,"lower_bound":767040.7612836756,"upper_bound":1611062.1510885912},"point_estimate":1190297.7756619975,"standard_error":221203.32819187013}}