{"Mean":{"confidence_interval":{"confidence_level":0.95,"lower_bound":20230680.12990105,"upper_bound":21226152.989246972},"point_estimate":20727467.292907894,"standard_error":253569.63999520638},"Median":{"confidence_interval":{"confidence_level":0.95,"lower_bound":20351923.667207792,"upper_bound":21197763.98181818},"point_estimate":20826878.086363636,"standard_error":214033.1865933981},"MedianAbsDev":{"confidence_interval":{"confidence_level":0.95,"lower_bound":1641151.4105237399,"upper_bound":2842953.8339850754},"point_estimate":2126753.2922113314,"standard_error":286669.49138105},"Slope":{"confidence_interval":{"confidence_level":0.95,"lower_bound":19285296.936726183,"upper_bound":20936179.77966404},"point_estimate":20091509.971301906,"standard_error":421497.01543310634},"StdDev":{"confidence_interval":{"confidence_level":0.95,"lower_bound":2180213.723267172,"upper_bound":2875324.7466538385},"point_estimate":2552754.4964445652,"standard_error":177463.16460602547}}